Model,Manufacturer
Camry,TOYOTA
Tucson,HYUNDAI
Volt,CHEVROLET
Ramcharger,DODGE
E 350,MERCEDES-BENZ
Optima,KIA
X5,BMW
Elantra,HYUNDAI
535,BMW
H1,HYUNDAI
Altima,NISSAN
Astra,OPEL
Prius,TOYOTA
Sportage,KIA
Golf 4,VOLKSWAGEN
Sonata,HYUNDAI
Spark,CHEVROLET
Outback,SUBARU
GX 460,LEXUS
Pajero,MITSUBISHI
CT 200h,LEXUS
Liberty,JEEP
Aqua,TOYOTA
REXTON,SSANGYONG
Tiida,NISSAN
ML 350,MERCEDES-BENZ
Insight,HONDA
Fusion,FORD
ML 280,MERCEDES-BENZ
328,BMW
CC,VOLKSWAGEN
Outlander,MITSUBISHI
Actyon,SSANGYONG
Captiva,CHEVROLET
Orlando,CHEVROLET
Taurus,FORD
FIT,HONDA
E 300,MERCEDES-BENZ
XV,SUBARU
ISIS,TOYOTA
Grandeur,HYUNDAI
Corolla,TOYOTA
Transit,FORD
Passat,VOLKSWAGEN
535 i,BMW
Forester,SUBARU
745,BMW
RAV 4,TOYOTA
C 230,MERCEDES-BENZ
Pajero IO,MITSUBISHI
VOXY,TOYOTA
Cruze,CHEVROLET
Prius C ჰიბრიდი,TOYOTA
Passat se,VOLKSWAGEN
Versa,NISSAN
Land Cruiser,TOYOTA
C 300,MERCEDES-BENZ
Vito,MERCEDES-BENZ
X1,BMW
E 320,MERCEDES-BENZ
Santa FE,HYUNDAI
CLK 230,MERCEDES-BENZ
Polo,VOLKSWAGEN
Note,NISSAN
CR-Z,HONDA
Juke,NISSAN
Q7,AUDI
Grand Vitara,SUZUKI
GL 450,MERCEDES-BENZ
Octavia,SKODA
Passat SE,VOLKSWAGEN
C 180,MERCEDES-BENZ
S 500,MERCEDES-BENZ
Prius C,TOYOTA
325,BMW
Vitz RS,TOYOTA
Colt,MITSUBISHI
Civic,HONDA
Genesis,HYUNDAI
Elysion,HONDA
CX-5,MAZDA
Malibu,CHEVROLET
Airtrek,MITSUBISHI
Escape,FORD
Picanto,KIA
Sienta,TOYOTA
A7,AUDI
Astra H,OPEL
E 350 AMG,MERCEDES-BENZ
Tucson Limited,HYUNDAI
RX 400,LEXUS
GL 320,MERCEDES-BENZ
CHR,TOYOTA
RX 450,LEXUS
Focus,FORD
Sprinter,MERCEDES-BENZ
Legacy,SUBARU
X-Trail,NISSAN
750,BMW
Caliber,DODGE
Niro,KIA
Lacetti,DAEWOO
CLS 55 AMG,MERCEDES-BENZ
S-type,JAGUAR
Viano,MERCEDES-BENZ
Transit Connect,FORD
X6,BMW
Murano,NISSAN
Jetta,VOLKSWAGEN
Tiguan,VOLKSWAGEN
GLE 350,MERCEDES-BENZ
C-MAX,FORD
Explorer,FORD
GLK 350,MERCEDES-BENZ
MPV,MAZDA
GX 470,LEXUS
Vaneo,MERCEDES-BENZ
A4,AUDI
RIO,KIA
Touran,VOLKSWAGEN
C 200,MERCEDES-BENZ
C 240,MERCEDES-BENZ
Fiesta,FORD
IX35,HYUNDAI
Forte,KIA
2121 (Niva),VAZ
Vectra b,OPEL
Cr-v,HONDA
Vitz,TOYOTA
Combo,OPEL
TERRAIN,GMC
E 200,MERCEDES-BENZ
Demio evropuli,MAZDA
Vectra,OPEL
Jetta GLI,VOLKSWAGEN
320,BMW
Highlander,TOYOTA
200,CHRYSLER
Mustang,FORD
Korando,SSANGYONG
Tacoma,TOYOTA
Sienna,TOYOTA
Mira,DAIHATSU
Sentra,NISSAN
E 220,MERCEDES-BENZ
CLS 550,MERCEDES-BENZ
A3,AUDI
Rx-8,MAZDA
Impreza,SUBARU
Equinox,CHEVROLET
Golf,VOLKSWAGEN
L 200,MITSUBISHI
CX-9,MAZDA
3.18E+38,BMW
Accord,HONDA
ES 300,LEXUS
GLA 250,MERCEDES-BENZ
macan,PORSCHE
E 290,MERCEDES-BENZ
Cerato,KIA
M3,BMW
Aqua S,TOYOTA
Kizashi,SUZUKI
CLK 270,MERCEDES-BENZ
Panamera,PORSCHE
RS7,AUDI
RX 350,LEXUS
CLK 320,MERCEDES-BENZ
March,NISSAN
ES 350,LEXUS
Q3,AUDI
318,BMW
Challenger,DODGE
Accent,HYUNDAI
CLK 240,MERCEDES-BENZ
E 36 AMG,MERCEDES-BENZ
Grand Cherokee,JEEP
335,BMW
550,BMW
Camry SE,TOYOTA
Pathfinder,NISSAN
323,MAZDA
A6,AUDI
Passo,TOYOTA
Land Cruiser Prado,TOYOTA
X-Terra,NISSAN
IS 200,LEXUS
Q5,AUDI
X5 M,BMW
406,PEUGEOT
Elantra SE,HYUNDAI
E 270,MERCEDES-BENZ
Step Wagon,HONDA
Touareg,VOLKSWAGEN
Cayenne,PORSCHE
Camaro,CHEVROLET
Countryman,MINI
Corsa,OPEL
ML 55 AMG,MERCEDES-BENZ
C5,CITROEN
MKZ,LINCOLN
Carisma,MITSUBISHI
330,BMW
Odyssey,HONDA
Transit T330,FORD
Yukon,GMC
Avalon,TOYOTA
206,PEUGEOT
Cruze LT,CHEVROLET
Niva,CHEVROLET
190,MERCEDES-BENZ
2107,VAZ
Santa FE sport,HYUNDAI
I30,HYUNDAI
Mondeo,FORD
SX4,SUZUKI
X5 3.5,BMW
Verisa,MAZDA
Terios,DAIHATSU
X3,BMW
520,BMW
Zafira,OPEL
Malibu LT,CHEVROLET
ML 500,MERCEDES-BENZ
Edge,FORD
Range Rover,LAND ROVER
E 430,MERCEDES-BENZ
ML 320,MERCEDES-BENZ
X4,BMW
Highlander LIMITED,TOYOTA
Quest,NISSAN
Stream,HONDA
C 220,MERCEDES-BENZ
530,BMW
Swift,SUZUKI
C 250,MERCEDES-BENZ
525,BMW
LX 570,LEXUS
LS 460,LEXUS
EX37,INFINITI
XF,JAGUAR
GLE 63 AMG,MERCEDES-BENZ
Tucson SE,HYUNDAI
FIT Premiym,HONDA
Tundra,TOYOTA
Outlander Sport,MITSUBISHI
Camry XLE,TOYOTA
Sorento,KIA
CLA 250,MERCEDES-BENZ
Vanette,NISSAN
Land Rover Sport,LAND ROVER
Cooper S Cabrio,MINI
Ist,TOYOTA
Equinox LT,CHEVROLET
FX35,INFINITI
740,BMW
4Runner,TOYOTA
Freelander,LAND ROVER
G 63 AMG,MERCEDES-BENZ
Jetta SE,VOLKSWAGEN
545,BMW
Impala,CHEVROLET
Skyline,NISSAN
Prius V,TOYOTA
SOUL,KIA
Demio,MAZDA
270,MERCEDES-BENZ
Vitara GL+,SUZUKI
528,BMW
Elantra GT,HYUNDAI
Compass,JEEP
S 550,MERCEDES-BENZ
C 63 AMG,MERCEDES-BENZ
Getz,HYUNDAI
NX 300,LEXUS
S 320,MERCEDES-BENZ
530 GT,BMW
Teana,NISSAN
Astra G,OPEL
Mazda 6 TOURING,MAZDA
Avalanche,CHEVROLET
A 190,MERCEDES-BENZ
Fuga,NISSAN
Ranger,FORD
Frontier,NISSAN
Delica,MITSUBISHI
E 230,MERCEDES-BENZ
Eclipse,MITSUBISHI
FX45,INFINITI
HS 250h,LEXUS
Accent SE,HYUNDAI
Noah,TOYOTA
Durango,DODGE
Matiz,CHEVROLET
1000,MAZDA
F150,FORD
Veloster,HYUNDAI
Traverse,CHEVROLET
Wrangler,JEEP
Optima HYBRID,KIA
Navigator,LINCOLN
Micra,NISSAN
Corolla IM,TOYOTA
Hiace,TOYOTA
GL 550,MERCEDES-BENZ
Yaris,TOYOTA
Expedition,FORD
GLC 300,MERCEDES-BENZ
Auris,TOYOTA
CLK 200,MERCEDES-BENZ
C-MAX SEL,FORD
500 Sport,FIAT
IS 250,LEXUS
Sprinter 313,MERCEDES-BENZ
Aveo,CHEVROLET
CLS 350,MERCEDES-BENZ
E 500,MERCEDES-BENZ
3110,GAZ
Scirocco,VOLKSWAGEN
Ipsum,TOYOTA
1300,MAZDA
2106,VAZ
X5 E70,BMW
Galant,MITSUBISHI
Gentra,DAEWOO
Sonic,CHEVROLET
528 i,BMW
GLE 400,MERCEDES-BENZ
Avalon LIMITED,TOYOTA
Venza,TOYOTA
208,MERCEDES-BENZ
UP,VOLKSWAGEN
Altezza,TOYOTA
XC90,VOLVO
Tourneo Connect,FORD
500 Abarth,FIAT
Jetta TDI,VOLKSWAGEN
RAV 4 SPORT,TOYOTA
E 240,MERCEDES-BENZ
500,FIAT
Mirage,MITSUBISHI
Serena,NISSAN
A8,AUDI
1500,CHEVROLET
RX 400 HYBRID,LEXUS
C 32 AMG,MERCEDES-BENZ
Escape Hybrid,FORD
Smart,MERCEDES-BENZ
Focus Titanium,FORD
Vectra B,OPEL
Omega,OPEL
ML 500 AMG,MERCEDES-BENZ
Atenza,MAZDA
Sonata Hybrid,HYUNDAI
RX 450 HYBRID,LEXUS
S 430,MERCEDES-BENZ
Elantra limited,HYUNDAI
Hilux,TOYOTA
CX-7,MAZDA
Meriva,OPEL
M5,BMW
Kangoo,RENAULT
CLS 500,MERCEDES-BENZ
Elantra Gt,HYUNDAI
SLK 230,MERCEDES-BENZ
Montero Sport,MITSUBISHI
B9 Tribeca,SUBARU
GLS 450,MERCEDES-BENZ
Insight EX,HONDA
Camry Hybrid,TOYOTA
Rogue,NISSAN
Discovery,LAND ROVER
X6 M,BMW
XJ,JAGUAR
09-Mar,SAAB
RDX,ACURA
Fred,HONDA
CC R line,VOLKSWAGEN
535 I,BMW
Pilot,HONDA
S 63 AMG,MERCEDES-BENZ
Cooper,MINI
Elgrand,NISSAN
114,BMW
Outlander sport,MITSUBISHI
NX 200,LEXUS
280,MERCEDES-BENZ
RX 400 RESTAILING,LEXUS
Mazda 3,MAZDA
Town Car,LINCOLN
500 sport,FIAT
616,MAZDA
Omega B,OPEL
Focus SE,FORD
Grandis,MITSUBISHI
Fusion Titanium,FORD
GL 350,MERCEDES-BENZ
Trax,CHEVROLET
C 280,MERCEDES-BENZ
B 200,MERCEDES-BENZ
Crafter,VOLKSWAGEN
RX 300,LEXUS
RAV 4 LIMITED,TOYOTA
Prius s,TOYOTA
C 320,MERCEDES-BENZ
Vitara,SUZUKI
A 170,MERCEDES-BENZ
Fusion TITANIUM,FORD
Transit 2.4,FORD
Land Cruiser 200,TOYOTA
Camry sport,TOYOTA
Cherokee,JEEP
Elantra LIMITED,HYUNDAI
E 220 CDI,MERCEDES-BENZ
RAM,DODGE
Tigra,OPEL
Fusion SE,FORD
KA,FORD
Focus TITANIUM,FORD
Optima ex,KIA
Clio,RENAULT
I,MITSUBISHI
Camry se,TOYOTA
Element,HONDA
Mark X,TOYOTA
Alphard,TOYOTA
Cayenne S,PORSCHE
650,BMW
Sonata Limited,HYUNDAI
Agila,OPEL
F-pace,JAGUAR
Sonata SPORT,HYUNDAI
G 550,MERCEDES-BENZ
Wish,TOYOTA
E-pace,JAGUAR
TLX,ACURA
31514,UAZ
Doblo,FIAT
Crosstrek,SUBARU
Focus se,FORD
640,BMW
A 160,MERCEDES-BENZ
316,BMW
C 250 AMG,MERCEDES-BENZ
Optima hybrid,KIA
300,CHRYSLER
CLS 63 AMG,MERCEDES-BENZ
Kyron,SSANGYONG
Cadenza,KIA
Escape SE,FORD
Megane,RENAULT
Sprinter 411,MERCEDES-BENZ
Azera,HYUNDAI
CLK 430,MERCEDES-BENZ
Ractis,TOYOTA
428,BMW
Vectra c,OPEL
Golf 3,VOLKSWAGEN
328 i,BMW
S 350,MERCEDES-BENZ
Panda,FIAT
Edix,HONDA
M6,BMW
C4,CITROEN
Daimler,JAGUAR
CLA 250 AMG,MERCEDES-BENZ
IS 350,LEXUS
Sonata LIMITED,HYUNDAI
Encore,BUICK
ML 270,MERCEDES-BENZ
Passport,HONDA
Fun Cargo,TOYOTA
E 280,MERCEDES-BENZ
Fit Aria,HONDA
Lantra,HYUNDAI
Dart,DODGE
Countryman S,MINI
xD,SCION
B-MAX,FORD
100,AUDI
HHR,CHEVROLET
Sharan,VOLKSWAGEN
TL,ACURA
Eunos 500,MAZDA
Renegade,JEEP
Sintra,OPEL
Scenic,RENAULT
307,PEUGEOT
MDX,ACURA
Jetta se,VOLKSWAGEN
Prius 1.5I,TOYOTA
E 250,MERCEDES-BENZ
Jetta სპორტ,VOLKSWAGEN
Elantra sport limited,HYUNDAI
Golf GTI,VOLKSWAGEN
CLS 350 AMG,MERCEDES-BENZ
Century,BUICK
Outlander SPORT,MITSUBISHI
Mazda 6,MAZDA
C-MAX SE,FORD
H2,HUMMER
Ceed,KIA
X5 35d,BMW
Avenger,DODGE
Avella,KIA
TSX,ACURA
Montero,MITSUBISHI
S 600,MERCEDES-BENZ
Elantra Limited,HYUNDAI
Range Rover Evoque,LAND ROVER
Journey,DODGE
Laguna,RENAULT
B 170,MERCEDES-BENZ
2140,MOSKVICH
320 Gran Turismo,BMW
Presage,NISSAN
Mazda 5,MAZDA
Hr-v,HONDA
Premacy,MAZDA
Camry LE,TOYOTA
C 350,MERCEDES-BENZ
Pajero Mini,MITSUBISHI
Acadia,GMC
ATS,CADILLAC
G 55 AMG,MERCEDES-BENZ
Twingo,RENAULT
207,PEUGEOT
GS 450,LEXUS
F-type,JAGUAR
Town and Country,CHRYSLER
Duster,RENAULT
Golf TDI,VOLKSWAGEN
Minica,MITSUBISHI
Neon,DODGE
A5,AUDI
220,MERCEDES-BENZ
C-MAX PREMIUM,FORD
435,BMW
CL 500,MERCEDES-BENZ
Fortuner,TOYOTA
Sequoia,TOYOTA
Elantra gt,HYUNDAI
SRX,CADILLAC
Wingroad,NISSAN
Vectra C,OPEL
Caddy,VOLKSWAGEN
Mazda 2,MAZDA
Phantom,ROLLS-ROYCE
Samurai,SUZUKI
320 I,BMW
S60,VOLVO
250,MERCEDES-BENZ
Lancer,MITSUBISHI
Camry SPORT,TOYOTA
Patriot,UAZ
730,BMW
X5 3.0,BMW
VehiCross,ISUZU
Caldina,TOYOTA
Vento,VOLKSWAGEN
Aqua s,TOYOTA
Camry HYBRID,TOYOTA
A 200,MERCEDES-BENZ
Astra g,OPEL
500L,FIAT
Navara,NISSAN
Shuttle,HONDA
230,MERCEDES-BENZ
ML 350 4 MATIC,MERCEDES-BENZ
Mariner,MERCURY
Jetta sport,VOLKSWAGEN
QX56,INFINITI
Phaeton,VOLKSWAGEN
Camry XSE,TOYOTA
Gloria,NISSAN
225,BMW
Passat sel,VOLKSWAGEN
Almera,NISSAN
IS 300,LEXUS
H3,HUMMER
G 350,MERCEDES-BENZ
PT Cruiser,CHRYSLER
RC F,LEXUS
Patrol,NISSAN
Prius C 2013,TOYOTA
GS 350,LEXUS
Inspire,HONDA
Grand HIACE,TOYOTA
X5 X-Drive,BMW
CTS,CADILLAC
R 350,MERCEDES-BENZ
20,GAZ
Allroad,AUDI
Mazda 3 SPORT,MAZDA
Carnival,KIA
C 200 2.0,MERCEDES-BENZ
Maxima,NISSAN
NEW Beetle,VOLKSWAGEN
911,PORSCHE
Volt premier,CHEVROLET
S70,VOLVO
A 140,MERCEDES-BENZ
Kicks,NISSAN
Escort,FORD
Corolla LE,TOYOTA
Axela,MAZDA
Silverado,CHEVROLET
Galaxy,FORD
Prius ჰიბრიდი,TOYOTA
tC,SCION
Caravan,DODGE
E 550,MERCEDES-BENZ
Fabia,SKODA
Hilux Surf,TOYOTA
B 180,MERCEDES-BENZ
Corolla S,TOYOTA
E 400,MERCEDES-BENZ
Avensis,TOYOTA
Celica,TOYOTA
Cruze RS,CHEVROLET
Ghibli,MASERATI
GTI,VOLKSWAGEN
Sprinter 516,MERCEDES-BENZ
ColtPlus,MITSUBISHI
Stella,SUBARU
Aqua G,TOYOTA
Civic Hybrid,HONDA
2109,VAZ
ML 350 ML350,MERCEDES-BENZ
Jetta sel,VOLKSWAGEN
XL7,SUZUKI
GLC 300 GLC coupe,MERCEDES-BENZ
G37,INFINITI
QX80,INFINITI
Cayman,PORSCHE
M4,BMW
Sonata sport,HYUNDAI
Escalade,CADILLAC
Jimny,SUZUKI
Chariot,MITSUBISHI
X-type,JAGUAR
Camry Se,TOYOTA
ML 250,MERCEDES-BENZ
ML 300,MERCEDES-BENZ
Sonata hybrid,HYUNDAI
Estima,TOYOTA
Hr-v EX,HONDA
Suburban,CHEVROLET
